ID,title,Year,Age,IMDb,Rotten Tomatoes,Netflix,Hulu,Prime Video,Disney+,Types
1,Breaking Bad,2008,18+,9.4,100,1,,,,1
2,Stranger Things,2016,16+,8.7,96,1,,,,1
3,Attack on Titan,2013,18+,9,95,1,1,,,1
4,Better Call Saul,2015,18+,8.8,94,1,,,,1
5,Dark,2017,16+,8.8,93,1,,,,1
6,Avatar: The Last Airbender,2005,7+,9.3,93,1,,1,,1
7,Peaky Blinders,2013,18+,8.8,93,1,,,,1
8,The Walking Dead,2010,18+,8.2,93,1,,,,1
9,Black Mirror,2011,18+,8.8,92,1,,,,1
10,The Queen's Gambit,2020,18+,8.6,92,1,,,,1
11,Mindhunter,2017,18+,8.6,90,1,,,,1
12,Community,2009,7+,8.5,90,1,1,1,,1
13,Narcos,2015,18+,8.8,,1,,,,1
14,Shameless,2011,18+,8.5,,1,1,1,,1
15,Money Heist,2017,18+,,90,1,,,,1
16,Marvel's Daredevil,2015,18+,,90,1,,,,1
17,Lucifer,2016,16+,8.1,90,1,,,,1
18,Supernatural,2005,16+,8.4,89,1,,,,1
19,The Witcher,2019,18+,8.2,89,1,,,,1
20,Ozark,2017,18+,8.4,89,1,,,,1
21,The Crown,2016,18+,8.6,89,1,,,,1
22,Cobra Kai,2018,16+,8.6,TT,1,,,,1
23,The Blacklist,2013,16+,8,AA,1,,,,1
24,The Flash,2014,16+,HH,88,1,,,,1
25,Outlander,2014,18+,CC,88,1,,,,1
26,Fullmetal Alchemist: Brotherhood,2009,16+,9.1,88,1,1,,,1
27,The Good Place,2016,16+,8.2,88,1,,,,1
28,House of Cards,2013,18+,8.7,88,1,,,,1
29,Atypical,2017,16+,8.3,88,1,,,,1
30,,2005,16+,7.5,87,1,1,,,1
31,,2003,16+,8.7,87,1,1,,,1
32,Lupin,2021,18+,7.5,87,1,,,,1
33,The Umbrella Academy,2019,16+,8,87,1,,,,1
34,Orange Is the New Black,2013,18+,8,87,1,,,,1
35,The Vampire Diaries,2009,16+,7.7,86,1,,,,1
36,Demon Slayer: Kimetsu no Yaiba,2019,18+,8.7,86,1,1,,,1
37,The Last Dance,2020,16+,9.1,86,1,,,,1
38,American Horror Story,2011,18+,8,86,1,1,1,,1
39,Elite,2018,18+,7.5,86,1,,,,1
40,BoJack Horseman,2014,18+,8.7,86,1,,,,1
41,Star Trek: The Next Generation,1987,7+,8.6,86,1,1,1,,1
42,Broadchurch,2013,18+,8.4,86,1,,,,1
43,The IT Crowd,2006,16+,8.5,86,1,,,,1
44,When They See Us,2019,18+,8.9,86,1,,,,1
45,"Love, Death & Robots",2019,18+,8.5,86,1,,,,1
46,Schitt's Creek,2015,16+,8.5,86,1,,,,1
47,Marvel's Agents of S.H.I.E.L.D.,2013,16+,7.5,86,1,,,,1
48,Never Have I Ever,2020,16+,7.9,86,1,,,,1
49,The 100,2014,16+,7.6,86,1,,,,1
50,American Crime Story,2016,18+,8.4,85,1,,,,1
51,The Last Kingdom,2015,18+,8.4,85,1,,,,1
52,The End of the F***ing World,2017,18+,8.1,85,1,,,,1
53,New Girl,2011,16+,7.7,85,1,,,,1
54,Penny Dreadful,2014,18+,8.2,85,1,,1,,1
55,One Piece,1999,7+,8.8,85,1,1,,,1
56,Marvel's The Punisher,2017,18+,8.5,85,1,,,,1
57,Evil,2019,18+,7.7,85,1,,,,1
58,YOU,2018,18+,7.7,85,1,,,,1
59,Sense8,2015,18+,8.3,84,1,,,,1
60,Making a Murderer,2015,16+,8.6,84,1,,,,1
61,Unbelievable,2019,18+,8.4,84,1,,,,1
62,Arrow,2012,16+,7.5,84,1,,,,1
63,Sex Education,2019,18+,8.3,84,1,,,,1
64,Marvel's Jessica Jones,2015,18+,7.9,84,1,,,,1
65,Sweet Tooth,2021,16+,7.9,84,1,,,,1
66,Good Girls,2018,16+,7.8,84,1,1,,,1
67,Death Note,2006,16+,9,84,1,1,,,1
68,Gilmore Girls,2000,16+,8.1,84,1,,,,1
69,The Legend of Korra,2012,7+,8.4,83,1,,,,1
70,How to Get Away with Murder,2014,16+,8.1,83,1,1,,,1
71,Master of None,2015,18+,8.3,83,1,,,,1
72,Chappelle's Show,2003,18+,8.7,83,1,,,,1
73,One-Punch Man,2015,7+,8.8,83,1,1,,,1
74,Downton Abbey,2010,16+,8.7,83,1,,1,,1
75,Gotham,2014,16+,7.8,83,1,,,,1
76,Pose,2018,18+,8.6,83,1,,,,1
77,Bodyguard,2018,18+,8.1,83,1,,,,1
78,Altered Carbon,2018,18+,8,83,1,,,,1
79,Ash vs Evil Dead,2015,18+,8.4,83,1,,,,1
80,The Sinner,2017,16+,7.9,83,1,,,,1
81,Our Planet,2019,all,9.3,82,1,,,,1
82,Narcos: Mexico,2018,18+,8.4,82,1,,,,1
83,Shadow and Bone,2021,16+,7.7,82,1,,,,1
84,Castlevania,2017,18+,8.3,82,1,,,,1
85,Star Trek,1966,7+,8.3,82,1,1,1,,1
86,The Kominsky Method,2018,18+,8.2,82,1,,,,1
87,Hunter x Hunter,2011,16+,9,82,1,1,,,1
88,Dead to Me,2019,18+,8,82,1,,,,1
89,The Haunting of Hill House,2018,18+,8.6,82,1,,,,1
90,Russian Doll,2019,18+,7.9,82,1,,,,1
91,Kingdom,2019,18+,8.4,82,1,1,,,1
92,Neon Genesis Evangelion,1995,16+,8.5,82,1,,,,1
93,Naruto,2002,7+,8.3,81,1,1,,,1
94,NCIS,2003,16+,7.7,81,1,,,,1
95,Manifest,2018,16+,7.2,81,1,1,,,1
96,Halt and Catch Fire,2014,16+,8.4,81,1,,,,1
97,Monty Python's Flying Circus,1969,16+,8.8,81,1,,,,1
98,After Life,2019,18+,8.4,81,1,,,,1
99,Riverdale,2017,16+,6.8,81,1,1,,,1
100,Big Mouth,2017,18+,7.9,81,1,,,,1
101,I Think You Should Leave with Tim Robinson,2019,18+,7.8,81,1,,,,1
102,Derry Girls,2018,16+,8.4,81,1,,,,1
103,The Promised Neverland,2019,18+,8.5,81,1,1,,,1
104,Lost in Space,2018,7+,7.3,80,1,1,,,1
105,Star Trek: Deep Space Nine,1993,7+,8,80,1,1,1,,1
106,Jane the Virgin,2014,16+,7.8,80,1,,,,1
107,Godless,2017,18+,8.3,80,1,,,,1
108,The OA,2016,18+,7.8,80,1,,,,1
109,DC's Legends of Tomorrow,2016,16+,6.8,80,1,,,,1
110,Sacred Games,2018,18+,8.6,80,1,,,,1
111,iZombie,2015,16+,7.8,80,1,,,,1
112,Longmire,2012,16+,8.3,80,1,,,,1
113,Happy Endings,2011,16+,7.7,80,1,1,,,1
114,Into the Badlands,2015,16+,8,80,1,,,,1
115,The Originals,2013,16+,8.2,80,1,,,,1
116,Anne with an E,2017,all,8.7,80,1,,,,1
117,Grace and Frankie,2015,18+,8.3,80,1,,,,1
118,Chilling Adventures of Sabrina,2018,16+,7.5,80,1,,,,1
119,Queen of the South,2016,16+,8,79,1,,,,1
120,A Series of Unfortunate Events,2017,7+,7.8,79,1,,,,1
121,Bridgerton,2020,,7.3,79,1,,,,1
122,Unorthodox,2020,18+,8,79,1,,,,1
123,Stargate SG-1,1997,13+,8.4,79,1,1,,,1
124,Outer Banks,2020,18+,7.6,79,1,,,,1
125,13 Reasons Why,2017,18+,7.6,79,1,,,,1
126,Unbreakable Kimmy Schmidt,2015,16+,7.6,79,1,,,,1
127,Marvel's Luke Cage,2016,18+,7.3,79,1,,,,1
128,GLOW,2017,18+,8,79,1,,,,1
129,Borgen,2010,18+,8.5,79,1,,,,1
130,The 4400,2004,7+,7.3,79,1,,,,1
131,Alias Grace,2017,18+,7.7,79,1,,,,1
132,All American,2018,16+,7.7,79,1,,,,1
133,Santa Clarita Diet,2017,18+,7.8,79,1,,,,1
134,Reign,2013,16+,7.5,78,1,,,,1
135,Maniac,2018,18+,7.8,78,1,,,,1
136,Dark Matter,2015,18+,7.5,78,1,,1,,1
137,Star Trek: Voyager,1995,7+,7.8,78,1,1,1,,1
138,"Tiger King: Murder, Mayhem and Madness",2020,18+,7.6,78,1,,,,1
139,Call the Midwife,2012,16+,8.4,78,1,,,,1
140,Queer Eye,2018,16+,8.5,78,1,,,,1
141,American Vandal,2017,16+,8.2,78,1,,,,1
142,Wynonna Earp,2016,16+,7.5,78,1,,,,1
143,Marvel's The Defenders,2017,18+,7.3,78,1,,,,1
144,HAPPY!,2017,18+,8.2,77,1,,,,1
145,Haikyu!!,2014,16+,8.7,77,1,1,,,1
146,Colony,2016,16+,7.4,77,1,,,,1
147,Heartland,2007,7+,8.4,77,1,,1,,1
148,Alone,2015,16+,8.4,77,1,1,,,1
149,Marco Polo,2014,18+,8,77,1,,1,,1
150,Wild Wild Country,2018,16+,8.1,77,1,,,,1
151,The Dragon Prince,2018,7+,8.4,77,1,,,,1
152,Locke & Key,2020,16+,7.4,77,1,,,,1
153,Love,2016,18+,7.7,77,1,,,,1
154,One Day at a Time,2017,7+,8.2,77,1,,,,1
155,Feel Good,2020,18+,7.5,77,1,,,,1
156,Fauda,2015,16+,8.2,77,1,,,,1
157,The Dark Crystal: Age of Resistance,2019,7+,8.4,77,1,,,,1
158,Top Boy,2011,18+,8.4,77,1,,,,1
159,I Am Not Okay with This,2020,18+,7.5,77,1,,,,1
160,Supergirl,2015,16+,6.2,77,1,,,,1
161,The Shannara Chronicles,2016,16+,7.2,77,1,,,,1
162,Designated Survivor,2016,7+,7.5,77,1,,,,1
163,Travelers,2016,16+,8.1,77,1,,,,1
164,StartUp,2016,18+,7.9,77,1,,,,1
165,Ripper Street,2012,18+,8.1,77,1,,,,1
166,Episodes,2011,18+,7.8,77,1,,,,1
167,Crazy Ex-Girlfriend,2015,16+,7.8,76,1,,,,1
168,Bloodline,2015,18+,7.9,76,1,,,,1
169,Black Summer,2019,18+,6.5,76,1,,,,1
170,The Borgias,2011,18+,7.9,76,1,,,,1
171,Glee,2009,16+,6.7,76,1,,1,,1
172,The Stranger,2020,18+,7.3,76,1,,,,1
173,Virgin River,2019,16+,7.4,76,1,,,,1
174,Lilyhammer,2012,18+,8,76,1,,,,1
175,Dirty John,2018,18+,7.2,76,1,,,,1
176,TURN: Washington's Spies,2014,16+,8.1,76,1,,,,1
177,Star Trek: Enterprise,2001,7+,7.5,76,1,1,1,,1
178,She-Ra and the Princesses of Power,2018,all,7.9,75,1,,,,1
179,Merlin,2008,7+,7.9,75,1,1,1,,1
180,The Magicians,2015,16+,7.6,75,1,,,,1
181,Ginny & Georgia,2021,16+,7.5,75,1,,,,1
182,The Spy,2019,18+,7.9,75,1,,,,1
183,On My Block,2018,16+,8,75,1,,,,1
184,The Movies That Made Us,2019,18+,7.8,75,1,,,,1
185,Chef's Table,2015,all,8.5,75,1,,,,1
186,Biohackers,2020,18+,6.8,75,1,,,,1
187,The Seven Deadly Sins,2014,16+,8,75,1,,,,1
188,The Keepers,2017,16+,8.1,75,1,,,,1
189,F is for Family,2015,18+,8,74,1,,,,1
190,The Midnight Gospel,2020,18+,8.2,74,1,,,,1
191,Ragnarok,2020,18+,7.5,74,1,,1,,1
192,Legacies,2018,16+,7.4,74,1,,,,1
193,The Order,2019,18+,6.8,74,1,,,,1
194,Disenchantment,2018,16+,7.2,74,1,,,,1
195,Dead Set,2008,18+,7.6,74,1,,,,1
196,Dirty Money,2018,16+,8.1,74,1,,,,1
197,The Staircase,2005,16+,7.9,74,1,,,,1
198,Soul Eater,2008,16+,7.8,74,1,1,,,1
199,Into the Night,2020,18+,7.1,74,1,,,,1
200,The Haunting of Bly Manor,2020,,7.4,74,1,,,,1
201,Julie and the Phantoms,2020,7+,8.5,74,1,,,,1
202,Leyla ile Mecnun,2011,7+,9.1,74,1,,,,1
203,Living with Yourself,2019,18+,7.2,74,1,,,,1
204,Young Royals,2021,,8.6,74,1,,,,1
205,Hilda,2018,7+,8.6,74,1,,,,1
206,The Mechanism,2018,18+,8.4,74,1,,,,1
207,ERASED,2016,16+,8.5,74,1,1,,,1
208,Formula 1: Drive to Survive,2019,16+,8.6,74,1,,,,1
209,Don't F**k with Cats: Hunting an Internet Killer,2019,18+,8,74,1,,,,1
210,Kim's Convenience,2016,16+,8.2,73,1,,,,1
211,The Society,2019,18+,7.1,73,1,,,,1
212,Imposters,2017,16+,7.8,73,1,,,,1
213,Frequency,2016,7+,7.5,73,1,,1,,1
214,Wentworth,2013,18+,8.6,73,1,,,,1
215,Marvel's Iron Fist,2017,18+,6.5,73,1,,,,1
216,Bleach,2004,18+,8.1,73,1,1,,,1
217,Quantico,2015,16+,6.7,73,1,,,,1
218,Shooter,2016,16+,7.5,73,1,,,,1
219,Pokֳ©mon,1997,7+,7.5,73,1,1,1,,1
220,Hollywood,2020,18+,7.5,73,1,,,,1
221,Madam Secretary,2014,16+,7.6,73,1,,,,1
222,Last Tango in Halifax,2012,16+,8.3,73,1,,,,1
223,Safe,2018,18+,7.3,73,1,1,,,1
224,Resurrection: Ertugrul,2014,16+,8,73,1,,,,1
225,Versailles,2015,18+,7.9,73,1,,,,1
226,Sex/Life,2021,18+,5.4,73,1,,,,1
227,Fullmetal Alchemist,2003,16+,8.5,73,1,,,,1
228,Marianne,2019,18+,7.5,73,1,,,,1
229,Five Came Back,2017,16+,8.3,73,1,,,,1
230,Miraculous: Tales of Ladybug & Cat Noir,2015,7+,7.7,73,1,,,,1
231,Abstract: The Art of Design,2017,16+,8.4,73,1,,,,1
232,Teenage Bounty Hunters,2020,18+,7.7,72,1,,,,1
233,Documentary Now!,2015,18+,8.1,72,1,,,,1
234,Special,2019,18+,7.6,72,1,,,,1
235,JoJo's Bizarre Adventure,2012,18+,8.4,72,1,1,,,1
236,Manhunt,2017,16+,8.1,72,1,,,,1
237,Your Lie in April,2014,7+,8.6,72,1,1,,,1
238,Code Geass: Lelouch of the Rebellion,2006,18+,8.7,72,1,,,,1
239,Middleditch & Schwartz,2020,18+,8.6,72,1,,,,1
240,Zoo,2015,16+,6.7,72,1,,,,1
241,Jupiters Legacy,2021,18+,6.7,72,1,,,,1
242,Ratched,2020,18+,7.3,72,1,,,,1
243,Babylon Berlin,2017,18+,8.4,72,1,,,,1
244,Better Than Us,2018,,7.4,72,1,,,,1
245,Everything Sucks!,2018,16+,7.5,72,1,,,,1
246,Evil Genius,2018,18+,7.5,72,1,,,,1
247,Doctor Foster,2015,16+,7.7,72,1,,,,1
248,Marcella,2016,18+,7.4,72,1,,,,1
249,Survivor,2000,7+,7.2,72,1,1,1,,1
250,Derek,2013,7+,8,72,1,,,,1
251,Flowers,2016,,8.2,72,1,,,,1
252,3%,2016,18+,7.4,72,1,,,,1
253,Tuca & Bertie,2019,18+,7.4,72,1,,,,1
254,Kuroko's Basketball,2012,,8.3,72,1,,,,1
255,Parasyte -the maxim-,2014,18+,8.3,72,1,1,,,1
256,Last Chance U,2016,16+,8.4,71,1,,,,1
257,Trailer Park Boys,2001,18+,8.5,71,1,,,,1
258,Black Lightning,2018,16+,6.1,71,1,,,,1
259,Chicago Med,2015,16+,7.6,71,1,1,,,1
260,How to Sell Drugs Online (Fast),2019,18+,7.9,71,1,,,,1
261,Secret City,2016,18+,7.4,71,1,,,,1
262,Dynasty,2017,16+,7.3,71,1,,,,1
263,Dracula,2020,18+,6.8,71,1,,,,1
264,Delhi Crime,2019,,8.5,71,1,,,,1
265,Space Force,2020,18+,6.7,71,1,,,,1
266,Pretend It's a City,2021,16+,8.1,71,1,,,,1
267,Masters of the Universe: Revelation,2021,7+,4.9,71,1,,,,1
268,iCarly,2007,all,6.7,71,1,,,,1
269,Who Killed Sara?,2021,18+,6.4,71,1,,,,1
270,Sword Art Online,2012,18+,7.6,71,1,1,,,1
271,Paranormal,2020,7+,8.5,71,1,,,,1
273,Frontier,2016,18+,7.2,71,1,,,,1
274,The Politician,2019,16+,7.5,71,1,,,,1
275,Raising Dion,2019,7+,7.2,71,1,,,,1
276,Food Wars! Shokugeki no Soma,2015,18+,8.2,71,1,1,,,1
277,Crash Landing on You,2019,16+,8.7,71,1,,,,1
278,Seven Seconds,2018,18+,7.7,71,1,,,,1
279,The Great British Bake Off,2010,7+,8.5,70,1,,,,1
280,Wizards: Tales of Arcadia,2020,7+,8.2,70,1,,,,1
281,Conversations with a Killer: The Ted Bundy Tapes,2019,18+,7.8,70,1,,,,1
282,Lenox Hill,2020,,8.7,70,1,,,,1
283,Fate: The Winx Saga,2021,18+,6.9,70,1,,,,1
284,The Circle,2020,18+,7.3,70,1,,1,,1
285,Cheer,2020,16+,8.1,70,1,,,,1
286,Hemlock Grove,2013,18+,7.1,70,1,,,,1
287,Transformers: War for Cybertron: Siege,2020,16+,7.4,70,1,,,,1
288,Explained,2018,16+,8,70,1,,,,1
289,Messiah,2020,18+,7.6,70,1,,,,1
290,Sky Rojo,2021,18+,6.5,70,1,,,,1
291,Bonding,2019,18+,7.2,70,1,,,,1
292,I'm Sorry,2017,7+,8,70,1,,,,1
293,Katla,2021,18+,7.1,70,1,,,,1
294,It's Okay to Not Be Okay,2020,16+,8.8,70,1,,,,1
295,Forensic Files,1996,16+,8.8,70,1,1,1,,1
296,Workin' Moms,2017,18+,7.6,70,1,,,,1
297,The Toys That Made Us,2017,16+,8.1,70,1,,,,1
298,The Devil Next Door,2019,18+,7.6,70,1,,,,1
299,Kipo and the Age of Wonderbeasts,2020,7+,8.4,70,1,,,,1
300,"Roswell, New Mexico",2019,16+,6.2,70,1,,,,1
301,Night Stalker: The Hunt For a Serial Killer,2021,18+,7.5,70,1,,,,1
302,Glitch,2015,16+,7.3,70,1,,,,1
303,Great Pretender,2020,18+,8,69,1,,,,1
304,InuYasha,2000,16+,7.9,69,1,1,,,1
305,In the Dark,2019,16+,7.5,69,1,,,,1
306,GHOUL,2018,18+,7.1,69,1,,,,1
307,Nailed It!,2018,7+,7.4,69,1,,,,1
308,Voltron: Legendary Defender,2016,7+,8.1,69,1,,,,1
309,Trollhunters: Tales of Arcadia,2016,7+,8.4,69,1,,,,1
310,Sweet Magnolias,2020,16+,7.4,69,1,,,,1
311,Medici: Masters of Florence,2016,7+,7.9,69,1,,,,1
312,The Innocent,2021,,7.9,69,1,,,,1
313,Aggretsuko,2018,16+,8.1,69,1,,,,1
314,Jurassic World: Camp Cretaceous,2020,7+,7.5,69,1,,,,1
315,Rake,2010,16+,8.5,69,1,1,1,,1
316,The Serpent,2021,,7.6,69,1,,,,1
317,The Gift,2019,18+,7.2,69,1,1,,,1
318,Violet Evergarden,2018,16+,8.5,69,1,,,,1
319,3Below: Tales of Arcadia,2018,7+,7.7,69,1,,,,1
320,Jeffrey Epstein: Filthy Rich,2020,18+,7.1,69,1,,,,1
321,Dawson's Creek,1998,7+,6.6,69,1,1,,,1
322,Private Practice,2007,16+,6.7,69,1,1,,,1
323,Beauty and the Beast,2012,7+,7,69,1,,,1,1
324,Daybreak,2019,18+,6.7,69,1,,,,1
325,Easy,2016,18+,6.9,69,1,,,,1
326,Behind Her Eyes,2021,18+,7.2,68,1,,,,1
327,Collateral,2018,18+,6.8,68,1,,,,1
328,Knightfall,2017,16+,6.8,68,1,,,,1
329,The Confession Killer,2019,16+,7.4,68,1,,,,1
330,Sophie: A Murder In West Cork,2021,18+,6.9,68,1,,,,1
331,Call My Agent!,2015,16+,8.3,68,1,,,,1
332,My Little Pony: Friendship Is Magic,2010,7+,7.6,68,1,1,,,1
333,Leah Remini: Scientology and the Aftermath,2016,16+,9,68,1,1,,,1
334,Containment,2016,16+,7.2,68,1,,,,1
335,Z Nation,2014,16+,6.7,68,1,,,,1
336,Emily in Paris,2020,18+,7,68,1,,,,1
337,Victorious,2010,7+,6.9,68,1,,,,1
338,Scream: The TV Series,2015,16+,7.1,68,1,,,,1
339,Akame ga Kill!,2014,18+,7.8,68,1,1,,,1
340,Warrior Nun,2020,18+,6.9,68,1,,,,1
341,Bad Blood,2017,18+,7.5,68,1,,,,1
342,Young & Hungry,2014,16+,7.4,68,1,,,,1
343,Caliphate,2020,18+,8.2,68,1,,,,1
344,'Allo 'Allo!,1984,,8.3,68,1,,,,1
345,Good Witch,2015,7+,7.3,68,1,,,,1
346,Gilmore Girls: A Year in the Life,2016,16+,7.6,68,1,,,,1
347,Aquarius,2015,16+,7.1,68,1,,,,1
348,Firefly Lane,2021,18+,7.4,67,1,,,,1
349,White Gold,2017,18+,7.4,67,1,,,,1
350,Hyperdrive,2019,7+,8.1,67,1,,1,,1
351,Reply 1988,2015,,9.1,67,1,,,,1
352,Ninjago: Masters of Spinjitzu,2012,all,7.2,67,1,,1,,1
353,Spotless,2015,,7.8,67,1,,,,1
354,Devilman: Crybaby,2018,,7.6,67,1,,,,1
355,BEASTARS,2019,18+,7.8,67,1,,,,1
356,Kill la Kill,2013,18+,7.9,67,1,,,,1
357,Down to Earth with Zac Efron,2020,7+,8.1,67,1,,,,1
358,Ancient Aliens,2010,7+,7.2,67,1,1,1,,1
359,Slasher,2016,18+,6.7,67,1,,,,1
360,Ray,2021,,7.3,67,1,,,,1
361,Time: The Kalief Browder Story,2017,16+,8.5,67,1,,,,1
362,Away,2020,16+,6.6,67,1,,,,1
363,No Tomorrow,2016,7+,7.3,67,1,,,,1
364,Locked Up,2015,18+,8.2,67,1,,,,1
365,The Frankenstein Chronicles,2015,16+,7.3,67,1,,,,1
366,The Ranch,2016,16+,7.5,67,1,,,,1
367,Cursed,2020,18+,5.9,67,1,,,,1
368,Wu Assassins,2019,18+,6.5,67,1,,,,1
369,Mr. Sunshine,2018,18+,8.8,67,1,,,,1
370,The Unicorn,2019,7+,7.2,67,1,1,,,1
371,Anohana: The Flower We Saw That Day,2011,16+,8.2,67,1,,,,1
372,Alice in Borderland,2020,,7.7,67,1,,,,1
373,The Challenge,1998,16+,7.7,67,1,1,1,,1
374,Gypsy,2017,18+,6.8,67,1,,,,1
375,Fuller House,2016,7+,6.7,67,1,,,,1
376,How to Become a Tyrant,2021,,7.4,67,1,,,,1
377,Killer Inside: The Mind of Aaron Hernandez,2020,18+,7.4,67,1,,,,1
378,RESIDENT EVIL: Infinite Darkness,2021,18+,5.8,67,1,,,,1
379,1983,2018,18+,6.8,67,1,,,,1
380,Wet Hot American Summer: First Day of Camp,2015,16+,7.4,67,1,,,,1
381,The Baker and the Beauty,2020,16+,7.4,67,1,,1,,1
382,Spinning Out,2020,18+,7.6,67,1,,,,1
383,Trinkets,2019,18+,7.1,67,1,,,,1
384,Insatiable,2018,18+,6.5,67,1,,,,1
385,The Chalet,2018,18+,7,67,1,,,,1
386,We Bare Bears,2015,7+,7.9,67,1,1,,,1
387,Gurren Lagann,2007,16+,8.3,66,1,,,,1
388,Friends from College,2017,18+,6.9,66,1,,,,1
389,Jericho,2006,16+,7.3,66,1,,,,1
390,Tidelands,2018,18+,7,66,1,,,,1
391,Dear White People,2017,18+,6.2,66,1,1,,,1
392,Dare Me,2019,18+,6.7,66,1,,,,1
393,Ouran High School Host Club,2006,16+,8.2,66,1,1,,,1
394,Scooby-Doo! Mystery Incorporated,2010,7+,8,66,1,,,,1
395,The Untamed,2019,16+,9,66,1,,,,1
396,Stranger,2017,18+,8.6,66,1,,,,1
397,El Chapo,2017,18+,7.8,66,1,,,,1
398,Great News,2017,7+,7,66,1,,,,1
399,The Get Down,2016,16+,8.3,66,1,,,,1
400,The Naked Director,2019,18+,7.7,66,1,,,,1
401,Rise of Empires: Ottoman,2020,18+,7.9,66,1,,,,1
402,Club de Cuervos,2015,18+,8.2,66,1,,,,1
403,My Mister,2018,,9.1,66,1,,,,1
404,Toradora!,2008,16+,8,66,1,,1,,1
405,The Baby-Sitters Club,2020,7+,7.4,66,1,,1,,1
406,Carole & Tuesday,2019,7+,7.9,66,1,,,,1
407,Van Helsing,2016,16+,6.2,66,1,,,,1
408,Vincenzo,2021,,8.5,66,1,,,,1
409,The Night Shift,2014,16+,7.4,66,1,,,,1
410,"Pablo Escobar, The Drug Lord",2012,18+,8.5,66,1,,,,1
411,No Game No Life,2014,16+,7.8,66,1,,,,1
412,The King: Eternal Monarch,2020,16+,8.3,66,1,,,,1
413,Eden,2021,7+,6.7,65,1,,1,,1
414,Stateless,2020,16+,7.6,65,1,,,,1
415,High Score,2020,16+,7.4,65,1,,,,1
416,Hospital Playlist,2020,,8.7,65,1,,,,1
417,Dash & Lily,2020,7+,8,65,1,,,,1
418,The Confession Tapes,2017,16+,7.5,65,1,,,,1
419,Black Butler,2008,18+,7.8,65,1,1,,,1
420,The Rain,2018,18+,6.3,65,1,,,,1
421,Love Is Blind,2020,18+,6.1,65,1,,1,,1
422,Trial by Media,2020,16+,7.2,65,1,,,,1
423,Wormwood,2017,16+,7,65,1,,,,1
424,Fear City: New York vs The Mafia,2020,18+,7.1,65,1,,,,1
425,Sorjonen,2016,18+,7.6,65,1,,,,1
426,Crashing,2016,,7.7,65,1,,,,1
427,Forged in Fire,2015,7+,8.4,65,1,1,1,,1
428,Baby,2018,18+,6.8,65,1,,,,1
429,Sweet Home,2020,,7.4,65,1,,,,1
430,The Disastrous Life of Saiki K.,2016,16+,8.3,65,1,,,,1
431,The Innocence Files,2020,18+,8,65,1,,,,1
432,BNA,2020,16+,7.2,65,1,,,,1
433,The Mist,2017,16+,5.4,65,1,,,,1
434,Halston,2021,18+,7.5,65,1,,1,,1
435,Shaun the Sheep,2007,all,8.2,65,1,,1,,1
436,The Universe,2007,16+,8.7,65,1,,1,,1
437,Self Made: Inspired by the Life of Madam C.J. Walker,2020,18+,7.3,65,1,,,,1
438,Shtisel,2013,16+,8.6,65,1,,,,1
439,The Boss Baby: Back in Business,2018,7+,6.5,65,1,,,,1
440,Puella Magi Madoka Magica,2011,16+,8.3,65,1,1,,,1
441,Masameer County,2021,,8.3,65,1,,,,1
442,Sinatra: All or Nothing at All,2015,7+,8,65,1,,,,1
443,Comedians in Cars Getting Coffee,2012,16+,8.1,65,1,,,,1
444,Senora Acero,2014,16+,7.1,65,1,1,,,1
445,Dark Tourist,2018,18+,7.5,65,1,,,,1
446,Criminal: UK,2019,18+,7.6,65,1,,,,1
447,Heist,2021,,6.8,65,1,,,,1
448,The Bureau of Magical Things,2018,7+,6.7,65,1,,,,1
449,Cleverman,2016,16+,6.4,65,1,,,,1
450,The Innocent Man,2018,18+,7.3,65,1,,,,1
451,Norsemen,2016,18+,7.8,65,1,,,,1
452,Word of Honor,2021,,9.1,65,1,,,,1
453,Pawn Stars,2009,7+,7.2,65,1,1,1,,1
454,Inside Bill's Brain: Decoding Bill Gates,2019,16+,7.9,65,1,,,,1
455,Damnation,2017,18+,7.7,65,1,,,,1
456,From Dusk Till Dawn: The Series,2014,18+,6.9,64,1,,,,1
457,Lovesick,2014,18+,8.1,64,1,,,,1
458,Flint Town,2018,18+,7.9,64,1,,,,1
459,Watership Down,2018,7+,7.2,64,1,,,,1
460,Undercover,2019,18+,7.8,64,1,,1,,1
461,Rita,2012,16+,8.1,64,1,,,,1
462,Dorohedoro,2020,18+,8.2,64,1,,,,1
463,Maid Sama!,2010,16+,8,64,1,1,,,1
464,Mystery Science Theater 3000: The Return,2017,16+,8,64,1,,,,1
465,Is It Wrong to Try to Pick Up Girls in a Dungeon?,2015,16+,7.4,64,1,1,,,1
466,Surviving R. Kelly,2019,18+,7.5,64,1,,,,1
467,Saint Seiya,1986,7+,8.5,64,1,,1,,1
468,Flaked,2016,18+,7.2,64,1,,,,1
469,Fate/Zero,2011,18+,8.3,64,1,,,,1
470,Crazyhead,2016,16+,7.3,64,1,,,,1
471,The Five,2016,7+,7.6,64,1,,,,1
472,Signal,2016,,8.6,64,1,,,,1
473,H2O: Just Add Water,2006,all,7.2,64,1,1,,,1
474,Requiem,2018,18+,6.5,64,1,,,,1
475,The Valhalla Murders,2019,18+,7.1,64,1,,,,1
476,Cardcaptor Sakura,1998,7+,8,64,1,,,,1
477,Black Earth Rising,2018,16+,7.5,64,1,,,,1
478,W/ Bob & David,2015,18+,7.4,64,1,,,,1
479,The Trials of Gabriel Fernandez,2020,18+,8.1,64,1,,,,1
480,She's Gotta Have It,2017,18+,6.8,64,1,,,,1
481,Save Me,2018,16+,7.7,64,1,,,,1
482,Giri/Haji,2019,,7.9,64,1,,,,1
484,The Curse of Oak Island,2014,7+,7,64,1,1,,,1
485,Black,2017,16+,8,63,1,,,,1
486,Losers,2019,,7.7,63,1,,,,1
487,Ajin,2016,18+,7.6,63,1,,,,1
488,Ink Master,2012,16+,7.4,63,1,,,,1
489,The Innocents,2018,,6.3,63,1,,,,1
490,Goosebumps,1995,all,7.7,63,1,,,,1
491,Vampire Knight,2008,16+,7.4,63,1,1,,,1
492,Angel Beats!,2010,16+,7.7,63,1,,,,1
493,Green Eggs and Ham,2019,7+,8.2,63,1,,,,1
494,The Hollow,2018,7+,7.2,63,1,,,,1
495,Dogs,2018,all,8.1,63,1,,,,1
496,November 13: Attack on Paris,2018,18+,8.3,63,1,,,,1
497,It's Bruno!,2019,7+,7.5,63,1,,,,1
498,Wanted,2016,16+,7.7,63,1,,,,1
499,Masum,2017,16+,8.4,63,1,,,,1
500,Cable Girls,2017,18+,7.6,63,1,,,,1
501,Lady Dynamite,2016,16+,7.4,63,1,,,,1
502,Power Rangers,1993,7+,6.5,63,1,,1,,1
503,The Mire,2018,18+,6.9,63,1,,,,1
504,Tabula Rasa,2017,18+,8,63,1,,,,1
505,Ethos,2020,,8.6,63,1,,,,1
506,Clannad,2007,7+,7.9,63,1,1,,,1
507,Ugly Delicious,2018,18+,7.8,63,1,,,,1
508,Generation 56k,2021,,7.4,63,1,,,,1
509,Fate/stay night [Unlimited Blade Works],2014,18+,8,63,1,1,,,1
510,Man with a Plan,2016,7+,7,63,1,,,,1
511,Rilakkuma and Kaoru,2019,7+,8.3,63,1,,,,1
512,World War II In HD Colour,2009,7+,8.7,63,1,,,,1
513,Boys Over Flowers,2009,16+,7.9,63,1,1,,,1
514,Meteor Garden,2018,16+,8.1,63,1,,,,1
515,"What's New, Scooby-Doo?",2002,7+,7.3,63,1,,,,1
516,The Letdown,2017,,7.5,63,1,,,,1
517,Sick Note,2017,18+,6.8,63,1,,,,1
518,Big Time Rush,2009,all,6.4,63,1,1,1,,1
519,Girlboss,2017,18+,7,63,1,,,,1
520,Quicksand,2019,18+,7.5,63,1,,,,1
521,Rotten,2018,18+,7.2,63,1,,,,1
522,The Irregulars,2021,18+,5.9,63,1,,,,1
523,The Mantis,2017,,7.4,63,1,,,,1
524,College Romance,2018,18+,8.8,63,1,,,,1
525,Elite Short Stories: Carla Samuel,2021,18+,7,63,1,,,,1
526,Bard of Blood,2019,18+,6.9,63,1,,,,1
527,Charmed,2018,16+,4.6,62,1,,,,1
528,The New Legends of Monkey,2018,7+,6.5,62,1,,,,1
529,Nevertheless,2021,,7.6,62,1,,,,1
530,"The Mind, Explained",2019,16+,8,62,1,,,,1
531,Fast & Furious Spy Racers,2019,7+,5.5,62,1,,,,1
532,Itaewon Class,2020,,8.2,62,1,,,,1
533,Occupied,2015,16+,7.7,62,1,,,,1
534,The Magic School Bus,1994,all,7.8,62,1,,,,1
535,Toast of London,2013,16+,8.2,62,1,,,,1
536,Patriot Act with Hasan Minhaj,2018,18+,8.3,62,1,,,,1
537,Greatest Events of World War II in Colour,2019,16+,8.7,62,1,,,,1
538,Offspring,2010,16+,8.3,62,1,,,,1
539,Blown Away,2019,7+,7.1,62,1,,,,1
540,60 Days In,2016,16+,7.7,62,1,1,1,,1
541,Trese,2021,18+,7.1,62,1,,,,1
542,Move to Heaven,2021,,8.7,62,1,,,,1
543,Hot Girls Wanted: Turned On,2017,18+,6.6,62,1,,,,1
544,The Heirs,2013,16+,7.5,62,1,,,,1
545,The Curious Creations of Christine McConnell,2018,7+,7.8,62,1,,,,1
546,Alexa & Katie,2018,all,7.5,62,1,,,,1
547,Sailor Moon Crystal,2014,16+,8,62,1,1,,,1
548,Blood of Zeus,2020,,7.5,62,1,,,,1
549,La Reina del Sur,2011,18+,8,62,1,,,,1
550,Barbarians,2020,,7.2,62,1,,,,1
551,Pine Gap,2018,16+,7.2,62,1,,,,1
552,To the Lake,2019,,7.3,62,1,,,,1
553,Suburra: Blood on Rome,2017,18+,7.9,62,1,,,,1
554,Taco Chronicles,2019,18+,7.9,62,1,,,,1
555,She,2020,18+,6.5,62,1,,,,1
556,Between,2015,16+,6,62,1,,,,1
557,Velvet,2014,16+,8.1,62,1,,,,1
558,Bobby Kennedy for President,2018,16+,8.2,62,1,,,,1
559,Durarara!!,2010,16+,7.9,62,1,1,,,1
560,Yu-Gi-Oh!,1998,,7.9,62,1,1,1,,1
561,Hostages,2013,16+,6.7,62,1,,,,1
562,Rhythm + Flow,2019,18+,7.7,62,1,,,,1
563,Blue Exorcist,2011,16+,7.4,62,1,1,,,1
564,L.A.'s Finest,2019,16+,6,62,1,,,,1
565,Vagabond,2019,,8.3,62,1,,,,1
566,Thomas & Friends,1984,all,6.6,62,1,,1,,1
567,The Protector,2018,18+,6.7,61,1,,,,1
568,Unsolved Mysteries,1987,7+,8.2,61,1,1,1,,1
569,Too Hot to Handle,2020,18+,4.6,61,1,,,,1
570,AJ and the Queen,2020,,7.5,61,1,,,,1
571,Are You The One?,2014,16+,6.5,61,1,1,,,1
572,Little Things,2016,18+,8.3,61,1,,,,1
573,Still Game,2002,16+,8.8,61,1,,,,1
574,Transformers: Prime,2010,7+,7.9,61,1,,,,1
575,Henry Danger,2014,all,5.7,61,1,,,,1
576,Tidying Up with Marie Kondo,2019,7+,6.6,61,1,,,,1
577,Nightflyers,2018,18+,5.9,61,1,,,,1
578,Love 101,2020,18+,7.5,61,1,,,,1
579,Car Masters: Rust to Riches,2018,7+,8.8,61,1,,,,1
580,WHAT / IF,2019,18+,6.3,61,1,,,,1
581,Total Drama Island,2007,7+,7.2,61,1,,,,1
582,Roman Empire,2016,16+,7,61,1,,,,1
583,Beyond Evil,2021,,8.1,61,1,,,,1
584,Deadwind,2018,18+,7.2,61,1,,,,1
585,People Just Do Nothing,2014,18+,8.5,61,1,,,,1
586,B: The Beginning,2018,18+,7.2,61,1,,,,1
587,Somebody Feed Phil,2018,16+,8.2,61,1,,,,1
588,Girl from Nowhere,2018,18+,7.7,61,1,,,,1
589,Cocaine Coast,2018,18+,7.9,61,1,,,,1
590,The Liberator,2020,7+,7.6,61,1,,,,1
591,The Irregular at Magic High School,2014,16+,7.2,61,1,,,,1
592,Norm Macdonald Has a Show,2018,,8.7,61,1,,,,1
593,Hap and Leonard,2016,18+,7.7,61,1,,,,1
594,Dark Desire,2020,18+,6.5,61,1,,,,1
595,Seis Manos,2019,18+,7.2,61,1,,,,1
596,Control Z,2020,18+,6.9,61,1,,,,1
597,Kengan Ashura,2019,,8,61,1,,,,1
598,Black Money Love,2014,,7.3,61,1,,,,1
599,Dave Chappelle,2017,,8.7,61,1,,,,1
600,The House of Flowers,2018,18+,7.6,61,1,,,,1
601,Fatma,2021,,7.5,61,1,,,,1
602,America's Next Top Model,2003,7+,5.5,61,1,1,1,,1
603,Tribes of Europa,2021,18+,6.8,61,1,,,,1
604,Grand Army,2020,,7.6,61,1,,,,1
605,Somos.,2021,18+,7.2,61,1,,,,1
606,The Great Heist,2020,18+,7.3,61,1,,,,1
607,The One,2021,18+,6.6,61,1,,,,1
608,Carmen Sandiego,2019,7+,7.9,61,1,,,,1
609,The Chef Show,2019,18+,8.2,61,1,,,,1
610,Traitors,2019,18+,6.6,61,1,,,,1
611,Wet Hot American Summer: Ten Years Later,2017,16+,6.9,61,1,,,,1
612,The Neighbor,2019,18+,6.6,60,1,,,,1
613,Salt Fat Acid Heat,2018,,7.7,60,1,,,,1
614,Billy on the Street,2011,16+,7.8,60,1,1,,,1
615,October Faction,2020,18+,6.2,60,1,,,,1
616,Start-Up,2020,16+,8.1,60,1,,,,1
617,Night on Earth,2020,7+,8.2,60,1,,,,1
618,DOTA: Dragon's Blood,2021,18+,8,60,1,,,,1
619,The Break,2016,18+,7.6,60,1,,,,1
620,The Letter for the King,2020,7+,5.9,60,1,,,,1
621,Osmosis,2019,16+,5.9,60,1,,,,1
622,Another Life,2019,18+,5,60,1,,,,1
623,Ju-On: Origins,2020,18+,6.1,60,1,,,,1
624,Diagnosis,2019,18+,7.7,60,1,,,,1
625,Zone Blanche,2017,,7.5,60,1,,,,1
626,The Eddy,2020,18+,7.2,60,1,,,,1
627,Magi,2012,16+,7.8,60,1,1,,,1
628,Elite Short Stories: Guzmֳ¡n Caye Rebe,2021,18+,7.5,60,1,,,,1
629,Memories of the Alhambra,2018,16+,7.8,60,1,,,,1
630,Pacific Rim: The Black,2021,16+,7.1,60,1,,,,1
631,V Wars,2019,18+,6.1,60,1,,,,1
632,The Windsors,2016,18+,7.1,60,1,,,,1
633,The Sons of Sam: A Descent Into Darkness,2021,18+,7,60,1,,,,1
634,Sunderland 'Til I Die,2018,18+,8.1,60,1,,,,1
635,Rebellion,2016,16+,7.2,60,1,,,,1
636,The Pharmacist,2020,,7.7,60,1,,,,1
637,The A List,2018,7+,5.5,60,1,,,,1
638,Tales of the City,2019,16+,7.4,60,1,,,,1
639,Disjointed,2017,18+,6.8,60,1,,,,1
640,Medical Police,2020,,6,60,1,,,,1
641,Gentefied,2020,16+,7.4,60,1,,,,1
642,Wanderlust,2018,16+,7.1,60,1,,,,1
643,Murder Among the Mormons,2021,16+,7,60,1,,,,1
644,Home for Christmas,2019,18+,7.7,60,1,,,,1
645,Paradise PD,2018,18+,6.9,60,1,,,,1
646,The Bachelorette,2003,16+,3.4,60,1,1,,,1
647,Cold Case Files,1999,18+,8.1,60,1,1,1,,1
648,Little Witch Academia,2017,7+,7.9,60,1,,,,1
649,El marginal,2016,18+,8.2,60,1,,,,1
650,Teasing Master Takagi-san,2018,7+,7.7,60,1,,,,1
651,Kakegurui,2017,16+,7.2,60,1,,,,1
652,Attenborough's Life in Colour,2021,7+,8.3,60,1,,,,1
653,Mortel,2019,18+,6.6,60,1,,,,1
654,Kath & Kim,2002,7+,8.3,60,1,,,,1
655,Charitֳ©,2017,7+,7.9,59,1,,,,1
656,Hoarders,2009,7+,6.4,59,1,1,,,1
657,Unsolved: The Murders of Tupac and The Notorious B.I.G.,2018,18+,7.9,59,1,,,,1
658,My Next Guest Needs No Introduction With David Letterman,2018,18+,7.9,59,1,,,,1
659,The Repair Shop,2017,,8.7,59,1,,,,1
660,Record of Ragnarok,2021,18+,6.2,59,1,,,,1
661,White Lines,2020,18+,6.6,59,1,,,,1
662,A Korean Odyssey,2017,,8.1,59,1,,,,1
663,Snabba Cash,2021,,7.6,59,1,,,,1
664,Luis Miguel: The Series,2018,16+,8,59,1,,,,1
665,Black Space,2020,,6.8,59,1,,,,1
666,"Love, Chunibyo & Other Delusions",2012,16+,7.4,59,1,,,,1
667,Kabaneri of the Iron Fortress,2016,18+,7.2,59,1,,,,1
668,"Sister, Sister",1994,7+,6.3,59,1,1,,,1
669,Greenhouse Academy,2017,7+,6.9,59,1,,,,1
670,Mr. Iglesias,2019,16+,7.1,59,1,,,,1
671,Paranoid,2016,,6.7,59,1,,,,1
672,Hip Hop Evolution,2016,16+,8.4,59,1,,,,1
673,The Game,2006,16+,6.7,59,1,1,1,,1
674,Love on the Spectrum,2019,all,8.5,59,1,,,,1
675,Greenleaf,2016,18+,7.4,59,1,,,,1
676,Naomi Osaka,2021,,6.2,59,1,,,,1
677,Oh My Ghost,2015,,8.1,59,1,,,,1
678,The Final Table,2018,all,7.7,59,1,,,,1
679,Life Sentence,2018,16+,6.6,59,1,,,,1
680,Penguin Town,2021,,8,59,1,,,,1
681,Dogs of Berlin,2018,16+,7.6,59,1,,,,1
682,Yasuke,2021,18+,6.2,59,1,,,,1
683,Alma Matters: Inside the IIT Dream,2021,,8.5,59,1,,,,1
684,Playing with Fire,2019,18+,5.9,59,1,1,,,1
685,"Hello, My Twenties!",2016,16+,8.3,59,1,,,,1
686,Sam & Cat,2013,7+,5.7,59,1,,,,1
687,Girls from Ipanema,2019,16+,7.9,59,1,,,,1
688,Elite Short Stories: Omar Ander Alexis,2021,18+,7.4,59,1,,,,1
689,MEGALOBOX,2018,16+,7.8,59,1,1,,,1
690,High on the Hog: How African American Cuisine Transformed America,2021,,7.7,59,1,,,,1
691,So Not Worth It,2021,,7.7,59,1,,,,1
692,K-ON!,2009,16+,7.7,59,1,1,,,1
693,The Family,2019,16+,6.4,59,1,,,,1
694,Challenger: The Final Flight,2020,,7.9,59,1,,,,1
695,Sexify,2021,,6.5,58,1,,,,1
696,The Good Cop,2018,16+,7.1,58,1,,,,1
697,The Uncanny Counter,2020,,8.2,58,1,,,,1
698,Law School,2021,,8.2,58,1,,,,1
699,This is a Robbery: The World's Biggest Art Heist,2021,18+,6.4,58,1,,,,1
700,The English Game,2020,,7.6,58,1,,,,1
701,Chambers,2019,16+,6.5,58,1,,,,1
702,Selena: The Series,2020,7+,6.8,58,1,,,,1
703,BAKI,2018,18+,6.7,58,1,,,,1
704,Cells at Work!,2018,16+,7.6,58,1,,,,1
705,Reckoning,2019,18+,6.6,58,1,,,,1
706,The Mole,2001,,7.5,58,1,,,,1
707,The Ripper,2020,,7.1,58,1,,,,1
708,Queen Sono,2020,18+,5.9,58,1,,,,1
709,WWII in HD,2009,18+,8.7,58,1,,,,1
710,The Parisian Agency: Exclusive Properties,2021,,6.9,58,1,,,,1
711,La cocinera de Castamar,2021,,7.4,58,1,,,,1
712,I Am a Killer,2018,18+,7.4,58,1,,,,1
713,W1A,2014,,7.8,58,1,,,,1
714,One of Us,2016,18+,7,58,1,,,,1
715,Cuckoo,2012,16+,7.2,58,1,,,,1
716,March Comes in Like a Lion,2016,7+,8.4,58,1,,,,1
717,Bֳ¶rֳ¼,2018,18+,8.2,58,1,,,,1
718,The Mess You Leave Behind,2020,,6.8,58,1,,,,1
719,Elize Matsunaga: Once Upon a Crime,2021,18+,5.8,58,1,,,,1
720,Invisible City,2021,all,7.4,58,1,,,,1
721,High Seas,2019,16+,6.8,58,1,,,,1
722,Man Down,2013,18+,7.6,58,1,,,,1
723,Hitler's Circle of Evil,2017,,8,58,1,,,,1
724,Degrassi: Next Class,2016,7+,6.9,58,1,,,,1
725,The Forest,2017,,7.2,58,1,,,,1
726,The Woods,2020,18+,6.5,58,1,,,,1
727,This Is Pop,2021,,6.9,58,1,,,,1
728,Godzilla Singular Point,2021,16+,6.6,58,1,,,,1
729,My Babysitter's a Vampire,2011,7+,7.1,58,1,,,,1
730,Mad for Each Other,2021,,7.9,58,1,,,,1
731,Typewriter,2019,18+,6.5,57,1,,,,1
732,Sonic X,2003,16+,6.2,57,1,1,1,,1
733,Monthly Girls' Nozaki-kun,2014,7+,7.6,57,1,,,,1
734,History of Swear Words,2021,18+,6.4,57,1,,,,1
735,Dolly Parton's Heartstrings,2019,16+,7.6,57,1,,,,1
736,Arthdal Chronicles,2019,,8.4,57,1,,,,1
737,Last Chance U: Basketball,2021,18+,8.4,57,1,,,,1
738,The Next Step,2013,all,6.2,57,1,,,,1
739,The Bride of the Water God,2017,,6.9,57,1,,,,1
740,Midnight Diner: Tokyo Stories,2016,16+,8.4,57,1,,,,1
741,Immigration Nation,2020,16+,7.4,57,1,,,,1
742,My Unorthodox Life,2021,,4.9,57,1,,,,1
743,The Barrier,2020,16+,6.8,57,1,,,,1
744,Cannon Busters,2019,18+,6.8,57,1,,,,1
745,Something in the Rain,2018,7+,8.1,57,1,,,,1
746,Haters Back Off,2016,7+,6,57,1,,,,1
747,Young Wallander,2020,18+,6.8,57,1,,,,1
748,Toy Boy,2019,18+,6.4,57,1,,,,1
749,Aunty Donna's Big Ol' House of Fun,2020,,8,57,1,,,,1
750,Jack Whitehall: Travels with My Father,2017,18+,7.7,57,1,,,,1
751,Sofia the First,2013,all,6.9,57,1,,,,1
752,"Money, Explained",2021,,6.9,57,1,,,,1
753,The Joel McHale Show with Joel McHale,2018,18+,7.2,57,1,,,,1
754,America's Book of Secrets,2012,7+,6.8,57,1,1,,,1
755,The World's Most Amazing Vacation Rentals,2021,,6.6,57,1,,,,1
756,Kiss Me First,2018,18+,6.3,57,1,,,,1
757,A Very Secret Service,2015,18+,7.8,57,1,,,,1
758,Sexy Beasts,2021,,4.7,57,1,,,,1
759,Scissor Seven,2018,7+,8.3,57,1,,,,1
760,Summertime,2020,18+,5.5,57,1,1,,,1
761,Turn Up Charlie,2019,,7.1,57,1,,,,1
762,The K2,2016,16+,7.8,57,1,,,,1
763,The King's Avatar,2017,7+,7.7,57,1,,,,1
764,Prison Playbook,2017,,8.4,57,1,,,,1
765,The Twelve,2019,16+,7.5,57,1,,,,1
766,Vanished 46,2016,16+,8.4,57,1,,,,1
767,Valor,2017,16+,6,57,1,,,,1
768,Northern Rescue,2019,16+,7.1,57,1,,,,1
769,Equinox,2020,18+,6.1,57,1,,,,1
770,Oggy and the Cockroaches,1999,all,7.3,57,1,,,,1
771,Code Lyoko,2003,7+,7.3,57,1,,,,1
772,Champions,2018,16+,6.1,57,1,1,,,1
773,Winx Club,2004,all,6.2,57,1,,,,1
774,Dragons: Race to the Edge,2015,7+,8.3,57,1,,,,1
775,Age of Samurai: Battle for Japan,2021,,7.4,56,1,,,,1
776,Vexed,2010,7+,7.3,56,1,,,,1
777,Family Business,2019,16+,7.4,56,1,,,,1
778,Strangers From Hell,2019,,7.9,56,1,,,,1
779,BUNK'D,2015,all,5.4,56,1,,,,1
780,Cathedral of the Sea,2018,16+,7.5,56,1,,,,1
781,Iris,2009,,7.9,56,1,,,,1
782,Man to Man,2017,,7.4,56,1,,,,1
783,History 101,2020,7+,6.8,56,1,,,,1
784,Cat People,2021,,6.3,56,1,,,,1
785,Cinderella and Four Knights,2016,,7.3,56,1,,,,1
786,The Big Flower Fight,2020,,7.4,56,1,,,,1
787,Cooked,2016,7+,8.1,56,1,,,,1
788,Monarca,2019,18+,7.9,56,1,,,,1
789,Indian Matchmaking,2020,16+,6.2,56,1,,,,1
790,Perfume,2018,18+,7.1,56,1,,,,1
791,Avlu,2018,18+,7.2,56,1,,,,1
792,Wild District,2018,18+,8.3,56,1,,,,1
793,Magic for Humans,2018,16+,7.2,56,1,,,,1
794,50M2,2021,18+,7,56,1,,,,1
795,Mako Mermaids: An H2O Adventure,2013,all,6.8,56,1,,,,1
796,Extracurricular,2020,18+,7.7,56,1,,,,1
797,Tunnel,2017,16+,8.3,56,1,,,,1
798,Marseille,2016,18+,6.9,56,1,,,,1
799,Elite Short Stories: Nadia Guzmֳ¡n,2021,18+,6.4,56,1,,,,1
800,The World's Most Extraordinary Homes,2017,,7.6,56,1,,,,1
801,The Rise of Phoenixes,2018,7+,8.6,56,1,,,,1
802,Wakfu,2008,7+,8.2,56,1,,,,1
803,H,1998,,7.4,56,1,,,,1
804,The War Next-door,2021,,5.7,56,1,,,,1
805,How to Fix a Drug Scandal,2020,18+,7,56,1,,,,1
806,Betaal,2020,18+,5.4,56,1,,,,1
807,Sin Senos Sֳ­ Hay Paraֳ­so,2016,16+,6.7,56,1,,,,1
808,Japan Sinks: 2020,2020,18+,6.4,56,1,,,,1
809,Run On,2020,,7.6,56,1,,,,1
810,Girlfriends,2000,7+,7.2,56,1,,,,1
811,Mobile Suit Gundam: Iron-Blooded Orphans,2015,18+,7.9,56,1,,,,1
812,Curon,2020,18+,5.8,56,1,,,,1
813,The Method,2015,18+,7.4,56,1,,,,1
814,Amend: The Fight for America,2021,18+,7.9,56,1,,,,1
815,Reply 1997,2012,,8.1,56,1,,,,1
816,The Crew,2021,16+,6.6,56,1,,,,1
817,Sex Explained,2020,18+,6.9,56,1,,,,1
818,Unauthorized Living,2018,18+,7.5,56,1,,,,1
819,James Acaster: Repertoire,2018,18+,8.5,56,1,,,,1
820,Blood & Water,2020,18+,6.4,56,1,,,,1
821,Adventures of Sonic the Hedgehog,1993,7+,6.2,55,1,,,,1
822,Tales by Light,2015,,8.3,55,1,,,,1
823,Tiny Pretty Things,2020,,5.9,55,1,,,,1
824,Rust Valley Restorers,2018,16+,7.8,55,1,,,,1
825,Immortals,2018,7+,5.3,55,1,,,,1
826,Cheese in the Trap,2016,16+,7.4,55,1,,,,1
827,Terrace House: Boys & Girls in the City,2015,7+,8.1,55,1,,,,1
828,When the Camellia Blooms,2019,,8,55,1,,,,1
829,My Secret Romance,2017,16+,7.1,55,1,,,,1
830,Marlon,2017,7+,7.1,55,1,1,,,1
831,The Bonfire of Destiny,2019,16+,7.7,55,1,,,,1
832,100 Days My Prince,2018,16+,7.7,55,1,,,,1
833,Let's Eat,2013,16+,7.7,55,1,,,,1
834,Kung Fu Panda: Legends of Awesomeness,2011,7+,6.8,55,1,,,,1
835,Crime Scene: The Vanishing at the Cecil Hotel,2021,,5.9,55,1,,,,1
836,PJ Masks,2015,all,5.5,55,1,,,1,1
837,Incomplete Life,2014,16+,8.6,55,1,,,,1
838,Fabulous Lives of Bollywood Wives,2020,,4.7,55,1,,,,1
839,When Heroes Fly,2018,7+,7.2,55,1,,,,1
840,The Last O.G.,2018,7+,6.9,55,1,,,,1
841,Romance is a Bonus Book,2019,,8.1,55,1,,,,1
842,DC Super Hero Girls,2019,7+,7.1,55,1,,,,1
843,Wheel of Fortune,1983,all,6.7,55,1,,,,1
844,Chelsea Does,2016,18+,7.2,55,1,,,,1
845,Girlfriends' Guide to Divorce,2014,16+,6.9,55,1,,,,1
846,Daniel Sloss: Live Shows,2018,18+,8.6,55,1,,,,1
847,Case,2015,16+,7.1,55,1,,,,1
848,Always a Witch,2019,16+,6.2,55,1,,,,1
849,You vs. Wild,2019,,7,55,1,,,,1
850,The Boulet Brothers' Dragula,2016,18+,7.9,55,1,,,,1
851,Lovestruck in the City,2020,16+,7.8,55,1,,,,1
852,Navillera,2021,,8.8,55,1,,,,1
853,Bitter Daisies,2018,18+,7.2,55,1,,,,1
854,Selection Day,2018,16+,7.4,55,1,,,,1
855,"Bring It On, Ghost",2016,16+,7.6,55,1,,,,1
856,The Standups,2017,,6.7,55,1,,,,1
857,(The Hook Up Plan),2018,16+,7.2,55,1,,,,1
858,Because This Is My First Life,2017,16+,8.1,55,1,,,,1
859,The Indian Detective,2017,,6.5,55,1,,,,1
860,Medal of Honor,2018,16+,8.4,55,1,,1,,1
861,Heaven Official's Blessing,2020,,8.4,55,1,,,,1
862,Who Killed Little Gregory?,2019,,7.4,55,1,,,,1
863,"Coronavirus, Explained",2020,7+,7.6,55,1,,,,1
864,Teen Mom 2,2011,7+,4.3,55,1,,1,,1
865,Vientos de agua,2006,,8.8,55,1,,,,1
866,Kantaro: The Sweet Tooth Salaryman,2017,7+,7.5,55,1,,,,1
867,Al Hayba,2017,7+,7.4,55,1,,,,1
868,Somewhere Between,2017,16+,6.3,55,1,,,,1
869,Selling Sunset,2019,18+,6.3,55,1,,,,1
870,Trailer Park Boys: The Animated Series,2019,18+,7.5,55,1,,,,1
871,Ultraviolet,2017,18+,7,55,1,1,,,1
872,Ultraman,2019,16+,6.9,54,1,,,,1
873,No Good Nick,2019,7+,6,54,1,,,,1
874,Intersection,2016,,6.6,54,1,,1,,1
875,Daughter From Another Mother,2021,18+,7.4,54,1,,,,1
876,Tiny House Nation,2014,7+,7.1,54,1,,,,1
877,High-Rise Invasion,2021,18+,6.7,54,1,,,,1
878,Mystic Pop-up Bar,2020,16+,8,54,1,,,,1
879,The Inmate,2018,,7,54,1,,,,1
880,Glow Up: Britain's Next Make-Up Star,2019,16+,6.7,54,1,,,,1
881,Falsa Identidad,2018,16+,7.1,54,1,,,,1
882,A Perfect Crime,2020,,7.3,54,1,,,,1
883,Alien Worlds,2020,7+,6.5,54,1,,,,1
884,Barbie: Life in the Dreamhouse,2012,all,7.4,54,1,,,,1
885,Freud,2020,18+,6.5,54,1,,,,1
886,Carmel: Who Killed Maria Marta?,2020,,7.1,54,1,,,,1
887,Get Even,2020,,6.5,54,1,,,,1
888,God Eater,2015,16+,7,54,1,,,,1
889,El Dragֳ³n: Return of a Warrior,2019,18+,7,54,1,,,,1
890,Netflix Presents: The Characters,2016,18+,5.4,54,1,,,,1
891,Jamtara - Sabka Number Ayega,2020,,7.3,54,1,,,,1
892,Vampires,2020,18+,5.6,54,1,,,,1
893,Zindagi inShort,2021,,7.2,54,1,,,,1
894,#blackAF,2020,18+,6.8,54,1,,,,1
895,Ever After High,2013,all,8,54,1,,,,1
896,Sirius the Jaeger,2018,16+,6.8,54,1,,,,1
897,Eternal Love,2017,7+,8.3,54,1,,,,1
898,Murder Mountain,2018,16+,6.9,54,1,,,,1
899,EastSiders,2012,,6.9,54,1,,,,1
900,Dope,2017,16+,7.3,54,1,,,,1
901,Troy: Fall of a City,2018,18+,3.8,54,1,,,,1
902,Surviving Escobar - Alias JJ,2017,18+,7.9,54,1,,,,1
903,Transfers,2017,,7.3,54,1,,,,1
904,Unnatural Selection,2019,,8,54,1,,,,1
905,Skylines,2019,16+,7.6,54,1,,,,1
906,The Last Czars,2019,,7.3,54,1,,,,1
907,High Score Girl,2018,7+,8,54,1,,,,1
908,Human: The World Within,2021,,6.8,54,1,,,,1
909,Unit 42,2017,7+,7,54,1,,,,1
910,The Velvet Collection,2017,16+,7.2,54,1,,,,1
911,One on One,2001,16+,7.2,54,1,,1,,1
912,Monty Python: Almost the Truth (The Lawyer's Cut),2009,7+,8.1,54,1,,,,1
913,Nicky Jam: El Ganador,2018,,7.8,54,1,,,,1
914,Someone Has to Die,2020,,6.3,54,1,,,,1
915,Voice,2017,16+,7.7,54,1,,,,1
916,La Rֳ©volution,2020,16+,6.5,54,1,,,,1
917,Queer Eye: We're in Japan!,2019,16+,8.2,54,1,,,,1
918,Danger Mouse,1981,7+,7.4,54,1,,,,1
919,Paava Kadhaigal,2020,,8.1,54,1,,,,1
920,Man Like Mobeen,2017,18+,8,53,1,,,,1
921,Sisyphus,2021,,7.1,53,1,,,,1
922,MINE,2021,,7.8,53,1,,,,1
923,X-Men,2011,16+,6.9,53,1,,,1,1
924,The Minions of Midas,2020,,6.6,53,1,,,,1
925,7SEEDS,2019,18+,6.4,53,1,,,,1
926,Ultimate Beastmaster,2017,all,7.3,53,1,,,,1
927,Trigger Warning with Killer Mike,2019,16+,7,53,1,,,,1
928,The Queen of Flow,2018,18+,7.8,53,1,,,,1
929,The Upshaws,2021,16+,6.9,53,1,,,,1
930,Huge in France,2019,16+,6.8,53,1,,,,1
931,Good Morning Call,2016,all,7.5,53,1,,,,1
932,Reality Z,2020,18+,5.4,53,1,,,,1
933,Bella and the Bulldogs,2015,all,5.4,53,1,,,,1
934,Johnny Test,2005,all,5.1,53,1,,,,1
935,The Lost Pirate Kingdom,2021,18+,6.6,53,1,,,,1
936,The I-Land,2019,18+,4.6,53,1,,,,1
937,Find Yourself,2020,,7.8,53,1,,,,1
938,A Love So Beautiful,2017,,8.1,53,1,,,,1
939,Free Rein,2017,all,7.3,53,1,,,,1
940,Ashes of Love,2018,7+,8.4,53,1,,,,1
941,Masha and the Bear,2009,all,7.5,53,1,,,,1
942,Million Pound Menu,2018,,6.7,53,1,,,,1
943,All Hail King Julien,2014,7+,7.1,53,1,,,,1
944,The Day I Met El Chapo: The Kate del Castillo Story,2017,18+,6.9,53,1,,,,1
945,Argos Comunicaciֳ³n,2017,18+,7.2,53,1,,,,1
946,The Rational Life,2021,,8.2,53,1,,,,1
947,Busted!,2018,16+,7.7,53,1,,,,1
948,Street Food,2019,all,8.2,53,1,,,,1
949,A Little Thing Called First Love,2019,all,8,53,1,,1,,1
950,The Surgeon's Cut,2020,,8.5,53,1,,,,1
951,Song Exploder,2020,18+,7.4,53,1,,,,1
952,Unabomber: In His Own Words,2020,,7.2,53,1,,,,1
953,Spycraft,2021,18+,6.7,53,1,,,,1
954,Thieves of the Wood,2020,18+,6.8,53,1,,,,1
955,Headspace Guide to Meditation,2021,7+,8.5,53,1,,,,1
956,Record of Grancrest War,2018,18+,7.2,53,1,,,,1
957,Abyss,2019,16+,7.1,53,1,,,,1
958,Silver Spoon,2014,16+,7.7,53,1,,,,1
959,Omniscient,2020,18+,6.4,53,1,,,,1
960,Creeped Out,2017,7+,6.6,53,1,,,,1
961,The Worst Witch,2017,7+,7.3,53,1,,,,1
962,Diablero,2018,16+,6.7,53,1,,,,1
963,Samurai Gourmet,2017,,8.1,53,1,,,,1
964,The Daily Life of the Immortal King,2020,16+,7.4,53,1,,,,1
965,The Guest,2018,,8.2,53,1,,,,1
966,You Are My Spring,2021,,7.3,53,1,,,,1
967,My First First Love,2019,7+,7.5,53,1,,,,1
968,The Mr. Peabody & Sherman Show,2015,7+,5.8,53,1,,,,1
969,My Shy Boss,2017,,7.3,53,1,,,,1
970,Trial 4,2020,,7.4,53,1,,,,1
971,The Business of Drugs,2020,18+,7.2,53,1,,,,1
972,"Fresh, Fried & Crispy",2021,7+,6.2,53,1,,,,1
973,The Legend of Bruce Lee,2008,,7,53,1,,1,,1
974,Jiva!,2021,18+,5.7,53,1,,,,1
975,Killer Ratings,2019,18+,8,53,1,,,,1
976,Switched,2018,16+,7.1,53,1,,,,1
977,Go! Live Your Way,2019,,7.1,52,1,,,,1
978,Criminal: France,2019,7+,7.2,52,1,,,,1
979,Bloodride,2020,18+,6.4,52,1,,,,1
980,Glitch Techs,2020,all,7.9,52,1,,,,1
981,Country Comfort,2021,7+,6.9,52,1,,,,1
982,The Disappearance of Madeleine McCann,2019,16+,6.6,52,1,,,,1
983,Nobody's Looking,2019,18+,7.8,52,1,,,,1
984,Inside the World's Toughest Prisons,2016,18+,7.1,52,1,,,,1
985,Love & Anarchy,2020,,7.4,52,1,,,,1
986,Family Reunion,2019,7+,6.5,52,1,,,,1
987,Borderliner,2017,18+,6.8,52,1,,,,1
988,Sisters,2017,,7.5,52,1,,,,1
989,Kissing Game,2020,18+,6.4,52,1,,,,1
990,Who Killed Malcolm X?,2019,,7.6,52,1,,,,1
991,"Good Morning, Verֳ´nica",2020,,7.6,52,1,,,,1
992,Bad Boy Billionaires: India,2020,,8,52,1,,,,1
993,Neo Yokio,2017,18+,5.9,52,1,,,,1
994,Grand Hotel,2016,,8.2,52,1,,,,1
995,Crazy Delicious,2020,7+,6.7,52,1,,,,1
996,The Frozen Dead,2017,,6.3,52,1,,,,1
997,Zumbo's Just Desserts,2016,7+,6.9,52,1,,,,1
998,Another Miss Oh,2016,,7.9,52,1,,,,1
999,Soundtrack,2019,,6.8,52,1,,,,1
1000,Bad Guys,2014,18+,7.9,52,1,,,,1
1001,Fireman Sam,1989,all,6.2,52,1,,1,,1
1002,We Are the Wave,2019,18+,6.1,52,1,,,,1
1003,Morocco: Love in Times of War,2017,,7.6,52,1,,,,1
1004,Okupas,2000,18+,9.1,52,1,,,,1
1005,Sword Art Online Alternative: Gun Gale Online,2018,16+,6.9,52,1,1,,,1
1006,The Haunted Hathaways,2013,all,5.3,52,1,,,,1
1007,TIGER & BUNNY,2011,16+,7.4,52,1,1,,,1
1008,The Queen and the Conqueror,2020,16+,6.7,52,1,,,,1
1009,Mossad 101,2015,,6.9,52,1,,,,1
1010,Hoops,2020,18+,6,52,1,,,,1
1011,Crime Diaries: The Candidate,2019,18+,7.6,52,1,,,,1
1012,Zac & Mia,2017,16+,7.9,52,1,1,,,1
1013,Men on a Mission,2015,16+,8.3,52,1,,,,1
1014,Girls Hostel,2018,7+,8.1,52,1,,,,1
1015,Power Rangers Dino Fury,2021,7+,6.8,52,1,,,,1
1016,Broken,2019,16+,6.9,52,1,,,,1
1017,Barney & Friends,1992,all,3.9,52,1,,1,,1
1018,Yunus Emre: Aֵkִ±n Yolculuִu,2015,,8,52,1,,,,1
1019,We the People,2021,7+,4.5,52,1,,,,1
1020,SanPa: Sins of the Savior,2020,,7.8,52,1,,,,1
1021,The Big Show Show,2020,all,6.4,52,1,,,,1
1022,Ares,2020,18+,5.6,52,1,,,,1
1023,The Duchess,2020,18+,6.8,52,1,,1,,1
1024,Green Frontier,2019,18+,7.3,52,1,,,,1
1025,Love Alarm,2019,,6.8,52,1,,,,1
1026,Loaded,2017,,6.6,52,1,,,,1
1027,Nagi no Asukara,2013,7+,7.4,52,1,,,,1
1028,Luna Nera,2020,18+,5.6,52,1,,,,1
1029,Secrets of Great British Castles,2015,7+,7.8,52,1,,,,1
1030,Ridley Jones,2021,all,5.6,52,1,,,,1
1031,Next in Fashion,2020,16+,7.3,52,1,,,,1
1032,Children of the Whales,2017,16+,7.1,52,1,,,,1
